INSERT INTO User(username, firstname, lastname, password, email) VALUES('sportslover', 'Paul', 'Walker', '', 'sportslover@hotmail.com');
INSERT INTO User(username, firstname, lastname, password, email) VALUES('traveler', 'Rebecca', 'Travolta', '', 'ret@explorer.org');
INSERT INTO User(username, firstname, lastname, password, email) VALUES('spacejunkie', 'Bob', 'Spacey', '', 'bspace@spacejunkies.net');

INSERT INTO Album (albumid, title, created, lastupdated, username) VALUES ('1', 'I love sports', '2015-09-15', '2015-09-15', 'sportslover');
INSERT INTO Album (albumid, title, created, lastupdated, username) VALUES ('2', 'I love football', '2015-09-15', '2015-09-15', 'sportslover');
INSERT INTO Album (albumid, title, created, lastupdated, username) VALUES ('3', 'Around The World', '2015-09-15', '2015-09-15', 'traveler');
INSERT INTO Album (albumid, title, created, lastupdated, username) VALUES ('4', 'Cool Space Shots', '2015-09-15', '2015-09-15', 'spacejunkie');

INSERT INTO Photo (picid, url, format, date) VALUES ('football_s1', '/static/img/football_s1.jpg', 'jpg', '2015-09-15');
INSERT INTO Photo (picid, url, format, date) VALUES ('football_s2', '/static/img/football_s2.jpg', 'jpg', '2015-09-15');
INSERT INTO Photo (picid, url, format, date) VALUES ('football_s3', '/static/img/football_s3.jpg', 'jpg', '2015-09-15');
INSERT INTO Photo (picid, url, format, date) VALUES ('football_s4', '/static/img/football_s4.jpg', 'jpg', '2015-09-15');
INSERT INTO Photo (picid, url, format, date) VALUES ('space_EagleNebula', '/static/img/football_s1.jpg', 'jpg', '2015-09-15');
INSERT INTO Photo (picid, url, format, date) VALUES ('space_GalaxyCollision', '/static/img/football_s1.jpg', 'jpg', '2015-09-15');
INSERT INTO Photo (picid, url, format, date) VALUES ('space_HelixNebula', '/static/img/football_s1.jpg', 'jpg', '2015-09-15');
INSERT INTO Photo (picid, url, format, date) VALUES ('space_MilkyWay', '/static/img/football_s1.jpg', 'jpg', '2015-09-15');
INSERT INTO Photo (picid, url, format, date) VALUES ('space_OrionNebula', '/static/img/football_s1.jpg', 'jpg', '2015-09-15');
INSERT INTO Photo (picid, url, format, date) VALUES ('sports_s1', '/static/img/football_s1.jpg', 'jpg', '2015-09-15');
INSERT INTO Photo (picid, url, format, date) VALUES ('sports_s2', '/static/img/football_s1.jpg', 'jpg', '2015-09-15');
INSERT INTO Photo (picid, url, format, date) VALUES ('sports_s3', '/static/img/football_s1.jpg', 'jpg', '2015-09-15');
INSERT INTO Photo (picid, url, format, date) VALUES ('sports_s4', '/static/img/football_s1.jpg', 'jpg', '2015-09-15');
INSERT INTO Photo (picid, url, format, date) VALUES ('sports_s5', '/static/img/football_s1.jpg', 'jpg', '2015-09-15');
INSERT INTO Photo (picid, url, format, date) VALUES ('sports_s6', '/static/img/football_s1.jpg', 'jpg', '2015-09-15');
INSERT INTO Photo (picid, url, format, date) VALUES ('sports_s7', '/static/img/football_s1.jpg', 'jpg', '2015-09-15');
INSERT INTO Photo (picid, url, format, date) VALUES ('sports_s8', '/static/img/football_s1.jpg', 'jpg', '2015-09-15');
INSERT INTO Photo (picid, url, format, date) VALUES ('world_EiffelTower', '/static/img/football_s1.jpg', 'jpg', '2015-09-15');
INSERT INTO Photo (picid, url, format, date) VALUES ('world_firenze', '/static/img/football_s1.jpg', 'jpg', '2015-09-15');
INSERT INTO Photo (picid, url, format, date) VALUES ('world_GreatWall', '/static/img/football_s1.jpg', 'jpg', '2015-09-15');
INSERT INTO Photo (picid, url, format, date) VALUES ('world_Isfahan', '/static/img/football_s1.jpg', 'jpg', '2015-09-15');
INSERT INTO Photo (picid, url, format, date) VALUES ('world_Istanbul', '/static/img/football_s1.jpg', 'jpg', '2015-09-15');
INSERT INTO Photo (picid, url, format, date) VALUES ('world_Persepolis', '/static/img/football_s1.jpg', 'jpg', '2015-09-15');
INSERT INTO Photo (picid, url, format, date) VALUES ('world_Reykjavik', '/static/img/football_s1.jpg', 'jpg', '2015-09-15');
INSERT INTO Photo (picid, url, format, date) VALUES ('world_Seoul', '/static/img/football_s1.jpg', 'jpg', '2015-09-15');
INSERT INTO Photo (picid, url, format, date) VALUES ('world_Stonehenge', '/static/img/football_s1.jpg', 'jpg', '2015-09-15');
INSERT INTO Photo (picid, url, format, date) VALUES ('world_TajMahal', '/static/img/football_s1.jpg', 'jpg', '2015-09-15');
INSERT INTO Photo (picid, url, format, date) VALUES ('world_TelAviv', '/static/img/football_s1.jpg', 'jpg', '2015-09-15');
INSERT INTO Photo (picid, url, format, date) VALUES ('world_tokyo', '/static/img/football_s1.jpg', 'jpg', '2015-09-15');
INSERT INTO Photo (picid, url, format, date) VALUES ('world_WashingtonDC', '/static/img/football_s1.jpg', 'jpg', '2015-09-15');

INSERT INTO Contain (albumid, picid, caption, sequencenum) VALUES ('2', 'football_s1', 'football1', '1');
INSERT INTO Contain (albumid, picid, caption, sequencenum) VALUES ('2', 'football_s2', 'football2', '2');
INSERT INTO Contain (albumid, picid, caption, sequencenum) VALUES ('2', 'football_s3', 'football3', '3');
INSERT INTO Contain (albumid, picid, caption, sequencenum) VALUES ('2', 'football_s4', 'football4', '4');
INSERT INTO Contain (albumid, picid, caption, sequencenum) VALUES ('4', 'space_EagleNebula', 'space1', '1');
INSERT INTO Contain (albumid, picid, caption, sequencenum) VALUES ('4', 'space_GalaxyCollision', 'space2', '2');
INSERT INTO Contain (albumid, picid, caption, sequencenum) VALUES ('4', 'space_HelixNebula', 'space3', '3');
INSERT INTO Contain (albumid, picid, caption, sequencenum) VALUES ('4', 'space_MilkyWay', 'space4', '4');
INSERT INTO Contain (albumid, picid, caption, sequencenum) VALUES ('4', 'space_OrionNebula', 'space5', '5');
INSERT INTO Contain (albumid, picid, caption, sequencenum) VALUES ('1', 'sports_s1', 'sports1', '1');
INSERT INTO Contain (albumid, picid, caption, sequencenum) VALUES ('1', 'sports_s2', 'sports2', '2');
INSERT INTO Contain (albumid, picid, caption, sequencenum) VALUES ('1', 'sports_s3', 'sports3', '3');
INSERT INTO Contain (albumid, picid, caption, sequencenum) VALUES ('1', 'sports_s4', 'sports4', '4');
INSERT INTO Contain (albumid, picid, caption, sequencenum) VALUES ('1', 'sports_s5', 'sports5', '5');
INSERT INTO Contain (albumid, picid, caption, sequencenum) VALUES ('1', 'sports_s6', 'sports6', '6');
INSERT INTO Contain (albumid, picid, caption, sequencenum) VALUES ('1', 'sports_s7', 'sports7', '7');
INSERT INTO Contain (albumid, picid, caption, sequencenum) VALUES ('1', 'sports_s8', 'sports8', '8');
INSERT INTO Contain (albumid, picid, caption, sequencenum) VALUES ('3', 'world_EiffelTower', 'world1', '1');
INSERT INTO Contain (albumid, picid, caption, sequencenum) VALUES ('3', 'world_firenze', 'world2', '2');
INSERT INTO Contain (albumid, picid, caption, sequencenum) VALUES ('3', 'world_GreatWall', 'world3', '3');
INSERT INTO Contain (albumid, picid, caption, sequencenum) VALUES ('3', 'world_Isfahan', 'world4', '4');
INSERT INTO Contain (albumid, picid, caption, sequencenum) VALUES ('3', 'world_Istanbul', 'world5', '5');
INSERT INTO Contain (albumid, picid, caption, sequencenum) VALUES ('3', 'world_Persepolis', 'world6', '6');
INSERT INTO Contain (albumid, picid, caption, sequencenum) VALUES ('3', 'world_Reykjavik', 'world7', '7');
INSERT INTO Contain (albumid, picid, caption, sequencenum) VALUES ('3', 'world_Seoul', 'world8', '8');
INSERT INTO Contain (albumid, picid, caption, sequencenum) VALUES ('3', 'world_Stonehenge', 'world9', '9');
INSERT INTO Contain (albumid, picid, caption, sequencenum) VALUES ('3', 'world_TajMahal', 'world10', '10');
INSERT INTO Contain (albumid, picid, caption, sequencenum) VALUES ('3', 'world_TelAviv', 'world11', '11');
INSERT INTO Contain (albumid, picid, caption, sequencenum) VALUES ('3', 'world_tokyo', 'world12', '12');
INSERT INTO Contain (albumid, picid, caption, sequencenum) VALUES ('3', 'world_WashingtonDC', 'world13', '13');
