INSERT INTO User(username, firstname, lastname, password, email) VALUES('sportslover', 'Paul', 'Walker', '', 'sportslover@hotmail.com');
INSERT INTO User(username, firstname, lastname, password, email) VALUES('traveler', 'Rebecca', 'Travolta', '', 'ret@explorer.org');
INSERT INTO User(username, firstname, lastname, password, email) VALUES('spacejunkie', 'Bob', 'Spacey', '', 'bspace@spacejunkies.net');

INSERT INTO Album (albumid, title, created, lastupdated, username) VALUES ('1', 'I love sports', '2015-09-15', '2015-09-15', 'sportslover');
INSERT INTO Album (albumid, title, created, lastupdated, username) VALUES ('2', 'I love football', '2015-09-15', '2015-09-15', 'sportslover');
INSERT INTO Album (albumid, title, created, lastupdated, username) VALUES ('3', 'Around The World', '2015-09-15', '2015-09-15', 'traveler');
INSERT INTO Album (albumid, title, created, lastupdated, username) VALUES ('4', 'Cool Space Shots', '2015-09-15', '2015-09-15', 'spacejunkie');

INSERT INTO Photo (picid, url, format, date) VALUES ('football_s1', '/static/img/football_s1.jpg', 'jpg', '2015-09-15');
INSERT INTO Photo (picid, url, format, date) VALUES ('football_s2', '/static/img/football_s2.jpg', 'jpg', '2015-09-15');
INSERT INTO Photo (picid, url, format, date) VALUES ('football_s3', '/static/img/football_s3.jpg', 'jpg', '2015-09-15');
INSERT INTO Photo (picid, url, format, date) VALUES ('football_s4', '/static/img/football_s4.jpg', 'jpg', '2015-09-15');
INSERT INTO Photo (picid, url, format, date) VALUES ('space_EagleNebula', '/static/img/space_EagleNebula.jpg', 'jpg', '2015-09-15');
INSERT INTO Photo (picid, url, format, date) VALUES ('space_GalaxyCollision', '/static/img/space_GalaxyCollision.jpg', 'jpg', '2015-09-15');
INSERT INTO Photo (picid, url, format, date) VALUES ('space_HelixNebula', '/static/img/space_HelixNebula.jpg', 'jpg', '2015-09-15');
INSERT INTO Photo (picid, url, format, date) VALUES ('space_MilkyWay', '/static/img/space_MilkyWay.jpg', 'jpg', '2015-09-15');
INSERT INTO Photo (picid, url, format, date) VALUES ('space_OrionNebula', '/static/img/space_OrionNebula.jpg', 'jpg', '2015-09-15');
INSERT INTO Photo (picid, url, format, date) VALUES ('sports_s1', '/static/img/sports_s1.jpg', 'jpg', '2015-09-15');
INSERT INTO Photo (picid, url, format, date) VALUES ('sports_s2', '/static/img/sports_s2.jpg', 'jpg', '2015-09-15');
INSERT INTO Photo (picid, url, format, date) VALUES ('sports_s3', '/static/img/sports_s3.jpg', 'jpg', '2015-09-15');
INSERT INTO Photo (picid, url, format, date) VALUES ('sports_s4', '/static/img/sports_s4.jpg', 'jpg', '2015-09-15');
INSERT INTO Photo (picid, url, format, date) VALUES ('sports_s5', '/static/img/sports_s5.jpg', 'jpg', '2015-09-15');
INSERT INTO Photo (picid, url, format, date) VALUES ('sports_s6', '/static/img/sports_s6.jpg', 'jpg', '2015-09-15');
INSERT INTO Photo (picid, url, format, date) VALUES ('sports_s7', '/static/img/sports_s7.jpg', 'jpg', '2015-09-15');
INSERT INTO Photo (picid, url, format, date) VALUES ('sports_s8', '/static/img/sports_s8.jpg', 'jpg', '2015-09-15');
INSERT INTO Photo (picid, url, format, date) VALUES ('world_EiffelTower', '/static/img/world_EiffelTower.jpg', 'jpg', '2015-09-15');
INSERT INTO Photo (picid, url, format, date) VALUES ('world_firenze', '/static/img/world_firenze.jpg', 'jpg', '2015-09-15');
INSERT INTO Photo (picid, url, format, date) VALUES ('world_GreatWall', '/static/img/world_GreatWall.jpg', 'jpg', '2015-09-15');
INSERT INTO Photo (picid, url, format, date) VALUES ('world_Isfahan', '/static/img/world_Isfahan.jpg', 'jpg', '2015-09-15');
INSERT INTO Photo (picid, url, format, date) VALUES ('world_Istanbul', '/static/img/world_Istanbul.jpg', 'jpg', '2015-09-15');
INSERT INTO Photo (picid, url, format, date) VALUES ('world_Persepolis', '/static/img/world_Persepolis.jpg', 'jpg', '2015-09-15');
INSERT INTO Photo (picid, url, format, date) VALUES ('world_Reykjavik', '/static/img/world_Reykjavik.jpg', 'jpg', '2015-09-15');
INSERT INTO Photo (picid, url, format, date) VALUES ('world_Seoul', '/static/img/world_Seoul.jpg', 'jpg', '2015-09-15');
INSERT INTO Photo (picid, url, format, date) VALUES ('world_Stonehenge', '/static/img/world_Stonehenge.jpg', 'jpg', '2015-09-15');
INSERT INTO Photo (picid, url, format, date) VALUES ('world_TajMahal', '/static/img/world_TajMahal.jpg', 'jpg', '2015-09-15');
INSERT INTO Photo (picid, url, format, date) VALUES ('world_TelAviv', '/static/img/world_TelAviv.jpg', 'jpg', '2015-09-15');
INSERT INTO Photo (picid, url, format, date) VALUES ('world_tokyo', '/static/img/world_tokyo.jpg', 'jpg', '2015-09-15');
INSERT INTO Photo (picid, url, format, date) VALUES ('world_WashingtonDC', '/static/img/world_WashingtonDC.jpg', 'jpg', '2015-09-15');

INSERT INTO Contain (albumid, picid, caption) VALUES ('2', 'football_s1', 'football1');
INSERT INTO Contain (albumid, picid, caption) VALUES ('2', 'football_s2', 'football2');
INSERT INTO Contain (albumid, picid, caption) VALUES ('2', 'football_s3', 'football3');
INSERT INTO Contain (albumid, picid, caption) VALUES ('2', 'football_s4', 'football4');
INSERT INTO Contain (albumid, picid, caption) VALUES ('4', 'space_EagleNebula', 'space1');
INSERT INTO Contain (albumid, picid, caption) VALUES ('4', 'space_GalaxyCollision', 'space2');
INSERT INTO Contain (albumid, picid, caption) VALUES ('4', 'space_HelixNebula', 'space3');
INSERT INTO Contain (albumid, picid, caption) VALUES ('4', 'space_MilkyWay', 'space4');
INSERT INTO Contain (albumid, picid, caption) VALUES ('4', 'space_OrionNebula', 'space5');
INSERT INTO Contain (albumid, picid, caption) VALUES ('1', 'sports_s1', 'sports1');
INSERT INTO Contain (albumid, picid, caption) VALUES ('1', 'sports_s2', 'sports2');
INSERT INTO Contain (albumid, picid, caption) VALUES ('1', 'sports_s3', 'sports3');
INSERT INTO Contain (albumid, picid, caption) VALUES ('1', 'sports_s4', 'sports4');
INSERT INTO Contain (albumid, picid, caption) VALUES ('1', 'sports_s5', 'sports5');
INSERT INTO Contain (albumid, picid, caption) VALUES ('1', 'sports_s6', 'sports6');
INSERT INTO Contain (albumid, picid, caption) VALUES ('1', 'sports_s7', 'sports7');
INSERT INTO Contain (albumid, picid, caption) VALUES ('1', 'sports_s8', 'sports8');
INSERT INTO Contain (albumid, picid, caption) VALUES ('3', 'world_EiffelTower', 'world1');
INSERT INTO Contain (albumid, picid, caption) VALUES ('3', 'world_firenze', 'world2');
INSERT INTO Contain (albumid, picid, caption) VALUES ('3', 'world_GreatWall', 'world3');
INSERT INTO Contain (albumid, picid, caption) VALUES ('3', 'world_Isfahan', 'world4');
INSERT INTO Contain (albumid, picid, caption) VALUES ('3', 'world_Istanbul', 'world5');
INSERT INTO Contain (albumid, picid, caption) VALUES ('3', 'world_Persepolis', 'world6');
INSERT INTO Contain (albumid, picid, caption) VALUES ('3', 'world_Reykjavik', 'world7');
INSERT INTO Contain (albumid, picid, caption) VALUES ('3', 'world_Seoul', 'world8');
INSERT INTO Contain (albumid, picid, caption) VALUES ('3', 'world_Stonehenge', 'world9');
INSERT INTO Contain (albumid, picid, caption) VALUES ('3', 'world_TajMahal', 'world10');
INSERT INTO Contain (albumid, picid, caption) VALUES ('3', 'world_TelAviv', 'world11');
INSERT INTO Contain (albumid, picid, caption) VALUES ('3', 'world_tokyo', 'world12');
INSERT INTO Contain (albumid, picid, caption) VALUES ('3', 'world_WashingtonDC', 'world13');
